SET session_replication_role = 'replica';

TRUNCATE TABLE "Vacuna" CASCADE;
TRUNCATE TABLE "Perro" CASCADE;
TRUNCATE TABLE "Dueño" CASCADE;

INSERT INTO "Dueño" ("id", "Nombre", "Edad", "Sexo") VALUES
('1', 'Toiboid', '14', 'Male'),
('2', 'Latia', '15', 'Female'),
('3', 'Orlan', '16', 'Male'),
('4', 'Quentin', '17', 'Male'),
('5', 'Humfrid', '18', 'Male'),
('6', 'Lona', '19', 'Female'),
('7', 'Rivy', '20', 'Female'),
('8', 'Tasia', '21', 'Female'),
('9', 'Odie', '22', 'Male'),
('10', 'Prentiss', '23', 'Male');


-- fabricate-flush


INSERT INTO "Perro" ("id", "Nombre", "Raza", "Edad", "idDueño") VALUES
('1', 'Toiboid', 'Cockatoo, red-tailed', '3', '1'),
('10', 'Prentiss', 'Catfish, blue', '12', '5'),
('11', 'Yanaton', 'Ox, musk', '13', '5'),
('12', 'Ashla', 'Water legaan', '14', '5'),
('13', 'Berke', 'Richardson''s ground squirrel', '15', '6'),
('14', 'Holli', 'Dove, mourning collared', '16', '7'),
('15', 'Artus', 'Lappet-faced vulture', '17', '8'),
('16', 'Cornie', 'Eastern dwarf mongoose', '18', '8'),
('17', 'Terrell', 'Beaver, eurasian', '19', '8'),
('18', 'Barclay', 'Short-nosed bandicoot', '20', '9'),
('19', 'Lion', 'Squirrel, richardson''s ground', '21', '9'),
('2', 'Latia', 'Western palm tanager (unidentified)', '4', '1'),
('20', 'Gill', 'Pie, rufous tree', '22', '10'),
('21', 'Jo ann', 'Skua, long-tailed', '23', '10'),
('22', 'Gregorio', 'Crake, african black', '24', '10'),
('23', 'Casey', 'Whale, long-finned pilot', '25', '10'),
('3', 'Orlan', 'Screamer, southern', '5', '1'),
('4', 'Quentin', 'Jackal, silver-backed', '6', '2'),
('5', 'Humfrid', 'Black-footed ferret', '7', '3'),
('6', 'Lona', 'Common eland', '8', '4'),
('7', 'Rivy', 'Bird, red-billed tropic', '9', '4'),
('8', 'Tasia', 'White-mantled colobus', '10', '4'),
('9', 'Odie', 'Blesbok', '11', '4');


-- fabricate-flush


INSERT INTO "Vacuna" ("id", "Fecha", "NombreVacuna", "idPerro") VALUES
('1', '0', '2025-05-27', '1'),
('2', '1', '2025-02-20', '1'),
('3', '1', '2025-01-30', '1'),
('4', '1', '2025-09-19', '1'),
('5', '1', '2025-06-16', '1'),
('6', '0', '2024-10-16', '2'),
('7', '0', '2024-12-06', '2'),
('8', '0', '2025-02-08', '2'),
('9', '0', '2025-02-08', '2'),
('10', '0', '2024-12-20', '2'),
('11', '1', '2024-12-13', '3'),
('12', '0', '2025-03-26', '3'),
('13', '1', '2024-09-24', '3'),
('14', '0', '2025-05-24', '3'),
('15', '1', '2024-12-21', '3'),
('16', '1', '2025-07-20', '4'),
('17', '1', '2024-11-04', '5'),
('18', '1', '2025-03-16', '5'),
('19', '1', '2025-07-19', '5'),
('20', '0', '2025-07-09', '5'),
('21', '0', '2024-09-29', '6'),
('22', '1', '2025-05-31', '6'),
('23', '1', '2025-03-10', '6'),
('24', '0', '2025-02-08', '6'),
('25', '1', '2024-10-10', '7'),
('26', '1', '2024-10-06', '7'),
('27', '1', '2024-12-31', '7'),
('28', '0', '2024-12-31', '7'),
('29', '1', '2025-03-25', '7'),
('30', '0', '2024-12-21', '8'),
('31', '1', '2025-05-29', '9'),
('32', '1', '2025-03-16', '9'),
('33', '1', '2025-08-26', '9'),
('34', '0', '2024-11-09', '9'),
('35', '1', '2025-03-16', '9'),
('36', '1', '2025-03-14', '10'),
('37', '0', '2025-05-07', '10'),
('38', '1', '2024-12-14', '10'),
('39', '1', '2024-11-30', '11'),
('40', '0', '2025-09-18', '11'),
('41', '1', '2025-08-27', '11'),
('42', '0', '2025-08-09', '11'),
('43', '0', '2025-06-24', '12'),
('44', '0', '2025-04-21', '13'),
('45', '0', '2025-03-13', '13'),
('46', '0', '2024-10-14', '13'),
('47', '0', '2024-11-30', '13'),
('48', '0', '2025-05-20', '13'),
('49', '0', '2024-09-25', '14'),
('50', '1', '2025-02-10', '14'),
('51', '0', '2024-10-22', '14'),
('52', '1', '2024-11-14', '15'),
('53', '0', '2025-04-16', '15'),
('54', '1', '2025-09-06', '15'),
('55', '1', '2025-02-16', '15'),
('56', '0', '2024-12-25', '16'),
('57', '0', '2025-05-23', '16'),
('58', '0', '2025-05-22', '16'),
('59', '0', '2025-06-25', '16'),
('60', '1', '2025-09-09', '16'),
('61', '1', '2024-09-25', '17'),
('62', '1', '2025-02-28', '17'),
('63', '1', '2025-04-09', '18'),
('64', '1', '2025-03-27', '18'),
('65', '1', '2025-02-21', '18'),
('66', '0', '2024-12-11', '19'),
('67', '0', '2025-03-28', '19'),
('68', '1', '2025-04-30', '19'),
('69', '0', '2025-02-17', '19'),
('70', '1', '2024-12-05', '20'),
('71', '1', '2025-07-26', '20'),
('72', '0', '2025-04-12', '20'),
('73', '0', '2025-09-18', '20'),
('74', '0', '2025-04-21', '21'),
('75', '0', '2025-06-13', '21'),
('76', '0', '2025-07-09', '21'),
('77', '1', '2025-05-19', '22'),
('78', '0', '2024-11-04', '22'),
('79', '1', '2025-05-19', '22'),
('80', '0', '2025-01-02', '22'),
('81', '0', '2025-08-15', '22'),
('82', '1', '2025-09-17', '23'),
('83', '1', '2025-05-22', '23');


-- fabricate-flush


SET session_replication_role = 'origin';
