--
-- PostgreSQL database dump
--

-- Dumped from database version 15.4
-- Dumped by pg_dump version 15.4

SET statement_timeout = 0;
SET lock_timeout = 0;
SET idle_in_transaction_session_timeout = 0;
SET client_encoding = 'UTF8';
SET standard_conforming_strings = on;
SELECT pg_catalog.set_config('search_path', '', false);
SET check_function_bodies = false;
SET xmloption = content;
SET client_min_messages = warning;
SET row_security = off;

SET default_tablespace = '';

SET default_table_access_method = heap;

--
-- Name: duenos; Type: TABLE; Schema: public; Owner: postgres
--

CREATE TABLE public.duenos (
    id_dueno integer NOT NULL,
    nombre character varying(400),
    edad integer,
    sexo character varying(100)
);


ALTER TABLE public.duenos OWNER TO postgres;

--
-- Name: Dueno_id_dueno_seq; Type: SEQUENCE; Schema: public; Owner: postgres
--

ALTER TABLE public.duenos ALTER COLUMN id_dueno ADD GENERATED BY DEFAULT AS IDENTITY (
    SEQUENCE NAME public."Dueno_id_dueno_seq"
    START WITH 7
    INCREMENT BY 1
    NO MINVALUE
    NO MAXVALUE
    CACHE 1
);


--
-- Name: perros; Type: TABLE; Schema: public; Owner: postgres
--

CREATE TABLE public.perros (
    id_perro integer NOT NULL,
    nombre text,
    edad text,
    id_dueno integer NOT NULL,
    raza text,
    color text
);


ALTER TABLE public.perros OWNER TO postgres;

--
-- Name: Perro_id_perro_seq; Type: SEQUENCE; Schema: public; Owner: postgres
--

ALTER TABLE public.perros ALTER COLUMN id_perro ADD GENERATED BY DEFAULT AS IDENTITY (
    SEQUENCE NAME public."Perro_id_perro_seq"
    START WITH 1
    INCREMENT BY 1
    NO MINVALUE
    NO MAXVALUE
    CACHE 1
);


--
-- Name: vacunas; Type: TABLE; Schema: public; Owner: postgres
--

CREATE TABLE public.vacunas (
    id_vacuna integer NOT NULL,
    des_vacuna character varying(300) NOT NULL,
    id_perro integer,
    fecha date
);


ALTER TABLE public.vacunas OWNER TO postgres;

--
-- Name: Vacuna_id_vacuna_seq; Type: SEQUENCE; Schema: public; Owner: postgres
--

ALTER TABLE public.vacunas ALTER COLUMN id_vacuna ADD GENERATED BY DEFAULT AS IDENTITY (
    SEQUENCE NAME public."Vacuna_id_vacuna_seq"
    START WITH 1
    INCREMENT BY 1
    NO MINVALUE
    NO MAXVALUE
    CACHE 1
);


--
-- Name: imagenes; Type: TABLE; Schema: public; Owner: postgres
--

CREATE TABLE public.imagenes (
    id_imagen integer NOT NULL,
    id_perro integer,
    url text
);


ALTER TABLE public.imagenes OWNER TO postgres;

--
-- Name: imagenes_id_imagen_seq; Type: SEQUENCE; Schema: public; Owner: postgres
--

ALTER TABLE public.imagenes ALTER COLUMN id_imagen ADD GENERATED ALWAYS AS IDENTITY (
    SEQUENCE NAME public.imagenes_id_imagen_seq
    START WITH 1
    INCREMENT BY 1
    NO MINVALUE
    NO MAXVALUE
    CACHE 1
);


--
-- Data for Name: duenos; Type: TABLE DATA; Schema: public; Owner: postgres
--

COPY public.duenos (id_dueno, nombre, edad, sexo) FROM stdin;
1	Juan Villegas	36	Mujer
2	Paz Pacheco	32	Mujer
3	Julia Andrade	22	Mujer
4	Miguel Astorga	57	Mujer
5	Luisa Garay	16	Mujer
7	Ana	28	Femenino
8	Carlos	35	Masculino
9	Laura	42	Femenino
10	Javier	30	Masculino
11	María	29	Femenino
13	Sofía	31	Femenino
14	Luis	40	Masculino
15	Elena	27	Femenino
16	Juan	33	Masculino
18		0	
\.


--
-- Data for Name: imagenes; Type: TABLE DATA; Schema: public; Owner: postgres
--

COPY public.imagenes (id_imagen, id_perro, url) FROM stdin;
1	2	https://t0.gstatic.com/licensed-image?q=tbn:ANd9GcQkrjYxSfSHeCEA7hkPy8e2JphDsfFHZVKqx-3t37E4XKr-AT7DML8IwtwY0TnZsUcQ
2	11	https://media.istockphoto.com/id/466754640/es/foto/shih-tzu.jpg?s=612x612&w=0&k=20&c=vVr5JDLkxjvD0FQ-CHvnPTxhC2v1jXJ_OdD-1oVsncw=
3	4	https://arcadejafet.cl/wp-content/uploads/2021/07/BULLDOG-INGLE%CC%81S.jpg
4	2	https://t0.gstatic.com/licensed-image?q=tbn:ANd9GcQkrjYxSfSHeCEA7hkPy8e2JphDsfFHZVKqx-3t37E4XKr-AT7DML8IwtwY0TnZsUcQ
5	9	https://t0.gstatic.com/licensed-image?q=tbn:ANd9GcQkrjYxSfSHeCEA7hkPy8e2JphDsfFHZVKqx-3t37E4XKr-AT7DML8IwtwY0TnZsUcQ
6	9	 https://www.raisedrightpets.com/wp-content/uploads/2023/04/kojirou-sasaki-DLdDrb2d4F4-unsplash-1-scaled.jpg.webp
\.


--
-- Data for Name: perros; Type: TABLE DATA; Schema: public; Owner: postgres
--

COPY public.perros (id_perro, nombre, edad, id_dueno, raza, color) FROM stdin;
5	Bella	4 años	4	Poodle	Blanco
6	Toby	2 años	5	Chihuahua	Café
7	Lucy	5 años	7	Beagle	Tricolor
8	Charlie	3 años	8	Husky Siberiano	Gris
9	Daisy	2 años	9	Dachshund	Marrón
10	Rocko	4 años	10	Rottweiler	Negro y marrón
11	Coco	1 año	11	Shih Tzu	Blanco y negro
2	Fabian	2 años	1	Labrador	Negro
13	Chee	3 años	8	Husky Siberiano	Gris
14	mancha 	4 años	11	Quiltro	Atigrado
15	María Andrea 	4 años	3	Quiltro	Atigrado
4	Rockyito	1 año	8	Bulldog	Marrón
\.


--
-- Data for Name: vacunas; Type: TABLE DATA; Schema: public; Owner: postgres
--

COPY public.vacunas (id_vacuna, des_vacuna, id_perro, fecha) FROM stdin;
1	Vacuna contra la rabia	9	2023-12-01
2	Vacuna para la tos de las perreras	2	2023-04-03
4	Vacuna contra la leptospirosis	4	2023-05-11
5	Vacuna contra el moquillo	5	2023-06-09
6	Vacuna contra el moquillo	7	2023-12-12
7	Vacuna contra el parásito del corazón	8	2023-05-09
8	Vacuna para la leptospirosis	10	2023-02-02
9	Vacuna contra la tos de las perreras	5	2023-12-12
12	Vacuna contra la tos de las perreras	4	2023-02-02
13	Vacuna contra la tos de las perreras	4	2023-02-02
14	Vacuna 	4	2023-08-15
15	Vacunsdsda 	4	2023-08-15
16	aaaaa	4	2023-08-18
17		4	0001-01-01
18		11	0001-01-01
19		11	0001-01-01
20		11	0001-01-01
\.


--
-- Name: Dueno_id_dueno_seq; Type: SEQUENCE SET; Schema: public; Owner: postgres
--

SELECT pg_catalog.setval('public."Dueno_id_dueno_seq"', 18, true);


--
-- Name: Perro_id_perro_seq; Type: SEQUENCE SET; Schema: public; Owner: postgres
--

SELECT pg_catalog.setval('public."Perro_id_perro_seq"', 15, true);


--
-- Name: Vacuna_id_vacuna_seq; Type: SEQUENCE SET; Schema: public; Owner: postgres
--

SELECT pg_catalog.setval('public."Vacuna_id_vacuna_seq"', 20, true);


--
-- Name: imagenes_id_imagen_seq; Type: SEQUENCE SET; Schema: public; Owner: postgres
--

SELECT pg_catalog.setval('public.imagenes_id_imagen_seq', 7, true);


--
-- Name: duenos Dueño_pkey; Type: CONSTRAINT; Schema: public; Owner: postgres
--

ALTER TABLE ONLY public.duenos
    ADD CONSTRAINT "Dueño_pkey" PRIMARY KEY (id_dueno);


--
-- Name: vacunas Nombre_vacuna_pkey; Type: CONSTRAINT; Schema: public; Owner: postgres
--

ALTER TABLE ONLY public.vacunas
    ADD CONSTRAINT "Nombre_vacuna_pkey" PRIMARY KEY (id_vacuna);


--
-- Name: perros Perro_pkey; Type: CONSTRAINT; Schema: public; Owner: postgres
--

ALTER TABLE ONLY public.perros
    ADD CONSTRAINT "Perro_pkey" PRIMARY KEY (id_perro);


--
-- Name: imagenes imagenes_pkey; Type: CONSTRAINT; Schema: public; Owner: postgres
--

ALTER TABLE ONLY public.imagenes
    ADD CONSTRAINT imagenes_pkey PRIMARY KEY (id_imagen);


--
-- Name: perros dueno; Type: FK CONSTRAINT; Schema: public; Owner: postgres
--

ALTER TABLE ONLY public.perros
    ADD CONSTRAINT dueno FOREIGN KEY (id_dueno) REFERENCES public.duenos(id_dueno) ON UPDATE CASCADE ON DELETE CASCADE NOT VALID;


--
-- Name: vacunas id_perro; Type: FK CONSTRAINT; Schema: public; Owner: postgres
--

ALTER TABLE ONLY public.vacunas
    ADD CONSTRAINT id_perro FOREIGN KEY (id_perro) REFERENCES public.perros(id_perro) ON UPDATE CASCADE ON DELETE CASCADE NOT VALID;


--
-- Name: imagenes id_perro; Type: FK CONSTRAINT; Schema: public; Owner: postgres
--

ALTER TABLE ONLY public.imagenes
    ADD CONSTRAINT id_perro FOREIGN KEY (id_perro) REFERENCES public.perros(id_perro);


--
-- PostgreSQL database dump complete
--

